"X0","Y0","Z0","treatments","days","L","a","b","YI","C","H"
30.57,28.57,16.8,"Blank",0,60.40024231715037,13.54883247545169,23.942641465167647,74.62933146657332,27.510378801052877,1.0558375839712977
31.53,30.84,16.14,"Blank",0,62.37233370608895,8.60049686199843,28.773126149710883,75.38910505836576,30.0310062219104,1.280342329382628
31.57,30.95,18.28,"Blank",0,62.4654025262093,8.34576627307937,24.426881526324063,67.95735056542811,25.81325930187703,1.2415677281220405
31.81,31.15,18.05,"Blank",0,62.63405517303016,8.494796713026664,25.184567464949637,69.28988764044944,26.578638219296497,1.2454785296093676
31.89,31.1,17.92,"Blank",0,62.59195984637043,8.96725651615804,25.37764899971009,70.17363344051445,26.915362865454096,1.2311379700753888
32.74,31.92,18.42,"Blank",0,63.27670967998114,9.078140495616005,25.543398343667235,70.11904761904762,27.108630245761315,1.2293183589387933
33.3,32.52,18.57,"Blank",0,63.770350729292474,8.939095018005661,26.093634282965894,70.54059040590404,27.582334379709536,1.2407491181373866
33.34,32.88,19.71,"Blank",0,64.06362671543107,7.816169845911047,24.36397923725433,66.24878345498783,25.587027872214648,1.2603602211187785
33.38,32.7,18.76,"Blank",0,63.91725778440927,8.588152979810026,25.968138070977155,69.84954128440366,27.351427137865272,1.2514006424369493
33.6,32.9,17.99,"Blank",0,64.07985692603486,8.661240891467525,27.799782219914015,72.76170212765959,29.11777782137017,1.2687700005176805
33.95,32.18,16.24,"Blank",0,63.49137376176486,12.422151782224889,30.483313701147985,81.54630205096336,32.91720323938881,1.183835532486905
33.95,33.39,19.97,"Blank",0,64.47545896986837,8.180405195571838,24.576369694201027,66.74992512728363,25.902065101257495,1.2494749545956692
33.98,33.42,20.03,"Blank",0,64.49955342010142,8.181101456823326,24.503680236180834,66.61460203470975,25.833326656933597,1.2485607302616248
34.28,33.71,20.47,"Blank",0,64.7317264660059,8.222503371000279,24.073171180351792,65.79709285078611,25.438693605698997,1.2416574927268182
34.34,33.75,18.39,"Blank",0,64.76364570486236,8.292619665699885,28.167450838684836,72.47940740740742,29.3627796311875,1.2844810420168487
34.55,32.96,17.04,"Blank",0,64.12850812690053,11.755329402379388,29.859863574062405,79.37378640776699,32.0904849140686,1.1957472201025978
34.58,34.03,20.76,"Blank",0,64.9863772649928,8.160955809135007,23.97113620863598,65.40346752865118,25.322254458314596,1.2426551596721391
34.75,34.18,21.29,"Blank",0,65.10519547713326,8.233265439217652,23.19998837030395,64.10942071386778,24.617597774251944,1.2297786503101125
34.9,34.32,20.36,"Blank",0,65.21577924641352,8.270727809202628,25.1143219034752,67.27972027972027,26.441144134951724,1.2526592613868424
35.02,34.03,19.16,"Blank",0,64.9863772649928,9.669763059117987,27.022287765209253,72.04231560387893,28.700319748833124,1.2271507123416217
35.17,34.23,19.74,"Blank",0,65.14472428516409,9.498709077504163,26.170295140464383,70.38621092608824,27.840794203435966,1.2226248930865902
35.23,34.78,21.08,"Blank",0,65.5770222372014,7.839539143169539,24.398243303453903,65.41000575043128,25.62679555215245,1.2599003322983569
35.75,34.84,20.58,"Blank",0,65.62390559363533,9.397408540056883,25.40557282998437,68.72904707233064,27.087901692238436,1.2165082763309507
35.75,35.2,21.75,"Blank",0,65.90408137956466,8.189754290361506,23.743324724107563,64.5028409090909,25.11608138804523,1.2386464876232803
35.87,35.37,18.14,"Blank",0,66.03572284495772,8.02605017806851,30.866339837204414,75.44585807181227,31.892764326829145,1.3164039360822368
36.1,35.73,18.24,"Blank",0,66.31310694321928,7.60170838460783,31.141773151533325,75.21298628603417,32.05613834176192,1.3313782198117856
36.27,35.68,20.03,"Blank",0,66.27469313003219,8.335258152951608,27.564265942958023,70.61042600896862,28.79696660154437,1.2771450002087397
36.54,36.03,21.59,"Blank",0,66.5428405011331,8.077888728973193,25.13339332082576,66.29419927837912,26.399616401322977,1.259823361187483
36.78,35.67,20.89,"Blank",0,66.26700606158327,10.061733939651097,25.938195328838766,69.90468180543874,27.821367090589202,1.2007539856721192
36.89,36.79,19.19,"Blank",0,67.11918033208646,6.751744401961579,30.64079190908695,73.05735254145148,31.375853475011446,1.3539107755178759
36.9,36.22,20.51,"Blank",0,66.6876795467505,8.644641709823485,27.370568688006202,70.37934842628381,28.703272646095346,1.2648741261654166
36.92,36.56,19.52,"Blank",0,66.94560608918805,7.598831760005476,29.69936208656685,72.66520787746171,30.656065508572237,1.3203115054212453
37.14,36.7,20.82,"Blank",0,67.05134636806017,7.866854203362916,27.420108593248482,69.40054495912806,28.526299274923623,1.2913999410361063
37.23,36.52,20.29,"Blank",0,66.9153450116796,8.74834293852106,28.1764534509795,71.59638554216865,29.503322410284333,1.2697489909404531
37.23,38.21,18.22,"Blank",0,68.1751053211838,3.3183416044512137,34.392618797360484,74.17220622873593,34.552331596353746,1.4746099404366084
37.45,36.87,22.38,"Blank",0,67.17938437691578,8.33003011877298,24.818702012700534,65.67181990778413,26.17933099555622,1.246975521185658
37.51,36.8,22.28,"Blank",0,67.12671060756996,8.75288857656259,24.904785833855712,66.29347826086956,26.398132810180723,1.232826701553945
37.54,36.67,21.18,"Blank",0,67.0287104044511,9.273133120726973,26.717617485647782,69.81292609762748,28.281125896684447,1.2367257948731938
37.62,37.28,19.74,"Blank",0,67.48657098390689,7.560221253958388,30.20796186243473,73.03969957081544,31.1396516565474,1.325561236982104
37.64,36.71,21.57,"Blank",0,67.0588889479189,9.46877684183839,26.059327190173477,68.95941160446745,27.726273974067443,1.222274187937165
37.69,37.29,22.82,"Blank",0,67.49403513870605,7.755792224397428,24.58903932772305,64.50522928399033,25.78319545921984,1.2652565145896733
37.8,36.17,18.75,"Blank",0,66.64961321251226,11.752856375904564,30.698967793743748,78.81946364390379,32.871815535409,1.2051682048562897
37.8,37.53,23.48,"Blank",0,67.6727759253479,7.342672268854377,23.757362775565216,62.60378363975485,24.866184309170052,1.2710399512698367
37.87,38.28,19.95,"Blank",0,68.22647636595356,5.183053587656028,31.081769111551473,71.38610240334377,31.510957072045738,1.405561292112242
37.88,38.39,19.83,"Blank",0,68.30707591404979,4.868050491950604,31.450038924525515,71.54623599895807,31.82456384534359,1.4172282436385757
37.93,37.81,23.67,"Blank",0,67.88034634494495,6.869360331913432,23.791070946548952,62.047606453319226,24.762939408587815,1.2897044019567216
38.0,38.53,20.41,"Blank",0,68.409434792031,4.815309288355884,30.52663394595061,70.08928107967817,30.90408684320879,1.4143442102014276
38.1,37.5,23.13,"Blank",0,67.65047507782968,8.409780503215558,24.32067960034385,64.6672,25.733632940858662,1.2378794478560706
38.33,36.78,19.57,"Blank",0,67.11164869192814,11.473282688085728,29.888977738509737,76.99347471451874,32.015421376172114,1.2042777936100215
38.38,37.73,23.23,"Blank",0,67.82114537505701,8.575796305036631,24.442389528068876,64.94195600318051,25.903179111980272,1.2333577693020474
38.48,37.95,23.38,"Blank",0,67.98374742249771,8.19588516645836,24.464840129045506,64.48379446640314,25.80118090711213,1.2475405062246545
38.55,37.88,22.9,"Blank",0,67.93207873025428,8.642936160967896,25.204962356585668,66.18268215417103,26.645646415117554,1.2404551360383886
38.72,38.3,23.6,"Blank",0,68.24114230328044,7.854465671914445,24.532362159958687,64.08772845953001,25.759064892551034,1.2609414258659755
38.75,38.22,22.56,"Blank",0,68.18244788100134,8.203240656612486,26.231024001993575,67.20669806384093,27.483809369580904,1.2677014999836378
38.75,38.44,24.37,"Blank",0,68.34366117984389,7.508355747808393,23.41032612636098,61.8309053069719,24.584929842857534,1.2604328087075058
39.01,38.78,24.53,"Blank",0,68.59160350881363,7.26768413912543,23.571378797955344,61.70964414646725,24.666356260761216,1.2717180230153342
39.43,38.66,22.94,"Blank",0,68.50426054168673,8.974036676560825,26.12194210711085,67.6513191929643,27.620448832694766,1.2398844855680462
39.45,39.32,24.8,"Blank",0,68.98243268787799,6.976041132931821,23.798229640119885,61.566632756866724,24.79961459160681,1.2856515837514753
39.47,39.01,23.48,"Blank",0,68.75850853799972,8.0043014075043,25.629315555999366,65.70827992822353,26.850151896984986,1.2680842131203505
39.49,39.03,23.52,"Blank",0,68.77299098314069,8.004925746346203,25.58589364889807,65.63156546246478,26.80889386038221,1.2675791396658278
39.62,40.11,20.81,"Blank",0,69.5478061297021,5.074503653171137,31.74288789144173,71.44103714784343,32.14594094150434,1.412274943738416
40.01,39.83,25.35,"Blank",0,69.34827699444308,7.157091509900681,23.528392913824426,61.114235500878735,24.592869535464864,1.2755003442483783
40.04,39.93,21.0,"Blank",0,69.41964443048482,6.943185797678053,31.170701504585985,72.60505885299273,31.934627934408084,1.3516271845533407
40.09,39.29,22.54,"Blank",0,68.96081415916909,9.076986095779782,27.60818443754833,69.79587681343855,29.062063321806065,1.253150426510791
40.11,40.68,21.11,"Blank",0,69.95113921820993,4.870740706717669,31.88470253541713,71.20009832841691,32.254586818065306,1.4192071835383957
40.22,40.5,27.81,"Blank",0,69.82418018670036,5.760791758617268,20.472838897577873,54.3283950617284,21.267906672080592,1.2965018756825801
40.22,40.01,25.56,"Blank",0,69.47665263589835,7.258755339660416,23.409301025109563,60.95476130967259,24.508873975873396,1.2701177005076163
40.3,39.99,24.9,"Blank",0,69.46240771393875,7.569082625545731,24.461043455159913,62.99074768692173,25.605344338781308,1.2707069624675755
40.45,40.72,27.95,"Blank",0,69.97930145456931,5.806943559092337,20.526695757082148,54.3934184675835,21.33227208251147,1.2951031308269823
40.58,40.07,23.63,"Blank",0,69.51935893959913,8.19226141998336,26.685056881457836,67.11904167706514,27.914250982965456,1.2729316986788861
40.6,40.03,22.48,"Blank",0,69.49089281152806,8.376854169469372,28.627686896682867,70.29527854109418,29.828109943995184,1.2861296287778503
40.84,40.67,26.05,"Blank",0,69.9440957748269,7.164539733412523,23.42809085759223,60.639783624293095,24.499103469785247,1.2740180019647414
41.08,40.82,25.24,"Blank",0,70.04962645030476,7.44791479239365,24.916686932700326,63.27290543851053,26.006013198046244,1.2803373304530266
41.1,41.54,22.17,"Blank",0,70.55260695158115,5.3412861876334645,31.006706842453635,70.07173808377468,31.46339472072372,1.4002082528432875
41.17,40.78,25.72,"Blank",0,70.02151024949578,7.845207194430214,24.090585569002144,62.36978911230995,25.33581632750273,1.25597258393481
41.19,40.8,24.65,"Blank",0,70.0355706469756,7.845903350061468,25.861911086001378,65.18186274509803,27.025851409321902,1.276244454015553
41.26,40.61,23.62,"Blank",0,69.90181085003091,8.636852672612994,27.36149427151444,68.3959615858163,28.692274097020263,1.2650377389499887
41.42,41.1,25.24,"Blank",0,70.24592740274407,7.6427363517433395,25.255136850699156,63.9007299270073,26.38623421956611,1.2769366257307657
41.5,41.26,26.43,"Blank",0,70.35769934365935,7.405060810684871,23.537529703991034,60.843916626272424,24.674890682153006,1.2659934844495138
41.62,41.87,22.65,"Blank",0,70.78119833164038,5.945196736387992,30.553711537677543,69.89395748746118,31.126751403928555,1.3786159441331742
41.64,40.99,23.79,"Blank",0,70.16891581852953,8.645204259020767,27.53303315486546,68.50890461088069,28.858403826045397,1.2665510537237639
41.98,42.27,29.03,"Blank",0,71.05667418397798,5.850290069809027,20.760011044290216,54.32363378282468,21.568587168842512,1.2961139569528286
42.0,41.32,24.2,"Blank",0,70.39953932081758,8.7432783413664,27.239310730243083,68.02516940948692,28.60812760761079,1.2602045198954315
42.01,41.47,25.53,"Blank",0,70.50396236095243,8.323427033563814,25.229042986711935,64.41041716903784,26.566596462633665,1.2521258742338581
42.08,42.35,29.18,"Blank",0,71.11156058778984,5.916070894739834,20.632259766477357,54.14781582054309,21.46369115280473,1.2915496652444964
42.23,42.09,27.29,"Blank",0,70.93292607944846,7.138690581757922,23.18415235127209,59.698265621287696,24.258314522428687,1.2720962483387899
42.28,41.67,25.03,"Blank",0,70.64280211827734,8.539867795394063,26.28271612754145,66.20254379649627,27.635312717675838,1.2566337695113146
42.34,42.48,28.32,"Blank",0,71.20060376093481,6.316165159116371,22.07130420712664,56.9114877589454,22.957273612534255,1.2920745587776985
42.61,42.29,27.1,"Blank",0,71.07040227285711,7.688040226841664,23.715905117941038,61.042326791203585,24.930906884682667,1.2573132086981464
42.61,43.05,23.68,"Blank",0,71.58889373593588,5.453163230812463,30.168104624457936,68.38559814169571,30.656997991553663,1.391968087312144
42.72,43.57,23.63,"Blank",0,71.94014469666426,4.268438303707212,30.85882542812184,68.01422997475328,31.152635078847727,1.4333470199637603
42.75,43.33,24.21,"Blank",0,71.77837814203605,5.055415588458512,29.599854765898215,67.06069697669051,30.02846364591929,1.4016366085429601
42.82,43.18,23.69,"Blank",0,71.67697049844865,5.701672268927982,30.302952352787614,68.77767484946735,30.834688063244272,1.3848150512205986
42.88,42.69,27.05,"Blank",0,71.3440597719265,7.315726463372529,24.265516398373354,61.40407589599438,25.34433151153558,1.277976297167433
42.91,42.51,25.2,"Blank",0,71.22112637966404,7.935096213325943,27.00176004244994,66.36744295459891,28.143574707289513,1.2849697965852844
42.92,42.5,24.46,"Blank",0,71.21428657988854,7.994396986392093,28.20966808948191,68.25882352941177,29.320568836480117,1.2946449117269458
43.01,42.95,27.35,"Blank",0,71.52102164851864,6.940424772466757,24.105323522101195,60.679394644935954,25.084579289424717,1.2904578456893507
43.29,43.05,26.6,"Blank",0,71.58889373593588,7.47976868927136,25.392088065052043,63.21765389082463,26.470834439971146,1.2843278263414992
43.33,43.59,29.61,"Blank",0,71.95359840217465,6.026315006402882,21.450745449603637,55.23239275063087,22.281179342666935,1.2969186559195407
43.35,43.54,29.07,"Blank",0,71.91995641663975,6.230570800959068,22.18905179194788,56.66926963711529,23.04721310552556,1.2970507396848172
43.36,43.29,28.1,"Blank",0,71.75135901662246,6.986900516759875,23.353907147181573,59.401247401247396,24.37666420719369,1.2800967677157988
43.38,43.64,29.13,"Blank",0,71.98721467146301,6.029501226165523,22.21605099966364,56.481668194317145,23.0197264765676,1.3057773535489203
43.58,44.08,24.17,"Blank",0,72.28193653161568,5.350348842846408,30.535143719126403,68.42604355716877,31.000342493073404,1.3973378105728658
43.8,44.09,29.31,"Blank",0,72.28861191436563,5.969810719202329,22.46954230722933,56.691766840553406,23.249063884799142,1.3111110528787757
43.89,44.16,29.38,"Blank",0,72.33531135509726,6.033081486420566,22.446846561671883,56.694746376811594,23.243472046685095,1.3082295050727746
43.98,44.19,29.71,"Blank",0,72.3553102942807,6.211079199340164,21.99695218327964,56.125367730255704,22.857021025802265,1.295599707200689
44.2,43.84,27.35,"Blank",0,72.12142356566987,7.863520084252507,25.14049924132746,62.9219890510949,26.34159543798798,1.2676536821305084
44.21,43.84,27.78,"Blank",0,72.12142356566987,7.892755982285782,24.479466616221845,61.911496350364956,25.72041762512086,1.2588965208063034
44.35,44.18,27.35,"Blank",0,72.34864498720243,7.322193757961615,25.53226031293534,62.87234042553191,26.561453991011582,1.2915097752472624
44.51,44.92,30.86,"Blank",0,72.8391862329566,5.673985896248124,21.17075501509069,54.00979519145145,21.917914678632414,1.3089396836363802
44.54,44.26,28.11,"Blank",0,72.4019393116863,7.6459578572113385,24.460422178759657,61.48802530501582,25.627581327885963,1.2678341421054213
44.63,44.45,28.46,"Blank",0,72.52825646078364,7.363113312751912,24.149332720322846,60.649718785151855,25.246895026780624,1.2748508949058932
44.73,44.16,28.09,"Blank",0,72.33531135509726,8.485056533404812,24.375900256883256,62.225996376811594,25.81047651068451,1.235822270694888
44.92,45.26,30.66,"Blank",0,73.06276469852182,5.899830290366282,21.84201271775581,55.2319929297393,22.62479871772852,1.306978374983547
44.97,46.08,25.78,"Blank",0,73.59741489140244,3.739874138113719,30.15941748836406,65.61371527777777,30.390411675500083,1.4474225950126742
45.09,45.75,25.28,"Blank",0,73.38301956173866,5.0105245606471005,30.598739687064324,67.58120218579235,31.006261090456764,1.408487429179204
45.18,45.66,31.9,"Blank",0,73.32436926959532,5.522823737899474,20.540801319703107,52.59833552343408,21.270310314977138,1.3081371724359048
45.18,46.64,24.92,"Blank",0,73.95890693566291,2.787747591056433,32.180735402313275,67.35677530017152,32.3012579888948,1.4843842126447877
45.2,45.17,27.94,"Blank",0,73.0036914346515,6.9626747969423475,25.756394240981507,62.518485720611025,26.680904868929044,1.3067787948771217
45.31,46.97,24.45,"Blank",0,74.17057573231244,2.2496022286389583,33.32336818096431,68.29848839684907,33.39921521699577,1.5033903517354326
45.7,45.59,28.06,"Blank",0,73.27869907064097,7.21228156672754,26.04798862553892,63.06733932880017,27.02803575611744,1.3006790544374183
45.91,47.27,25.24,"Blank",0,74.36214328440091,3.1418360712628934,32.35206078459025,67.7182145123757,32.50426081159993,1.4739859689948356
46.06,46.02,30.22,"Blank",0,73.55851023393137,7.0329193083653045,23.329860504840095,58.504128639721856,24.366869827150044,1.2780045681357215
46.36,46.67,31.09,"Blank",0,73.97819073195254,6.07547289479593,22.807433981589952,56.536104563959704,23.602762883187726,1.3104604168458804
46.46,46.4,29.46,"Blank",0,73.80433806256488,7.107861729948651,24.861895178436356,60.86465517241379,25.857987745291116,1.2923307080545998
46.66,46.59,29.43,"Blank",0,73.92674889083527,7.145060580323603,25.11708183841579,61.234170422837494,26.11359206953671,1.293647264129205
46.87,48.11,26.89,"Blank",0,74.89425649806834,3.566108059915085,30.636112875259936,65.45458324672626,30.84296579125715,1.454915715863244
47.03,47.26,31.36,"Blank",0,74.35577077780118,6.336526621280147,23.076473507649652,57.03935674989421,23.930633070845584,1.3028130316326034
47.16,48.12,26.17,"Blank",0,74.90055373076815,4.352678906502316,31.782444581141235,67.79842061512883,32.07911465761522,1.4346907405088283
47.25,47.38,30.24,"Blank",0,74.43218161402808,6.623377712937028,24.807279714395513,59.99493457154918,25.676258667424467,1.309889002766105
47.36,47.94,33.91,"Blank",0,74.78706977541016,5.401074338820644,20.316377163714392,51.47309136420527,21.02205473001539,1.3109581255134155
47.61,47.78,30.78,"Blank",0,74.6859564301301,6.533748632512548,24.4690040022298,59.25910422771034,25.326310983915473,1.3098627463608874
47.85,48.74,28.59,"Blank",0,75.28929030812418,4.599847582775707,28.71440024049765,63.48502256873205,29.080498258390605,1.4119528312135077
48.42,49.57,27.81,"Blank",0,75.80456889210828,3.9532892100164196,30.78385390690186,65.56183175307646,31.036658275972773,1.4430745241704186
48.56,48.97,27.75,"Blank",0,75.4326605455353,5.941162262044719,30.234392194808436,66.86093526648969,30.812592886893462,1.3767650873749187
48.64,49.06,31.51,"Blank",0,75.48863973944583,5.919437692413821,24.818442174654365,58.82307378719934,25.51460002765146,1.3366610131290617
50.62,52.19,30.55,"Blank",0,77.3943107833231,3.0645188204978524,29.467903323156676,62.10116880628472,29.626822338281467,1.4671736718125827
51.77,52.65,35.52,"Blank",0,77.66789945031874,4.9339968569849235,23.160833691874316,54.34833808167143,23.68055198443224,1.3609020512089036
52.66,53.38,36.97,"Blank",0,78.09882035515777,5.405187033033776,22.046468258198647,52.85987261146495,22.699401082888443,1.3303663586996022
53.85,54.89,37.69,"Blank",0,78.97786425718856,4.689097728418967,22.657809090692794,52.79030788850428,23.137933146608944,1.3667243790417976
38.61,38.33,19.99,"Blank",1,68.26313163925781,7.408060297796837,31.068737217439235,73.65353509000782,31.93972118948579,1.3367259733890444
40.94,40.81,21.55,"Blank",1,70.04259912267446,7.04791050142256,31.239872626367713,72.43371722617005,32.02503214905086,1.348904922316816
40.48,40.56,22.51,"Blank",1,69.86654158557623,6.386009458429043,29.22254687226229,68.9196252465483,29.912177495206056,1.3556483846904628
32.09,31.37,15.32,"Blank",1,62.81874136586478,8.715162946618282,31.375267459798394,79.17118265859102,32.563192002013444,1.2998550725249634
37.67,37.32,19.17,"Blank",1,67.51641959960122,7.594266544636796,31.36484207150101,74.75187566988211,32.27113574885752,1.3332414198697426
39.33,39.17,20.33,"Blank",1,68.87422982998177,7.063564569158187,31.47846358002848,73.50676538166965,32.26124011537446,1.350059175772253
44.34,44.61,24.04,"Blank",1,72.6343498963885,6.061532747891563,31.36129118325133,70.10266756332662,31.941708844932503,1.379869888068554
41.7,41.8,22.21,"Blank",1,70.732809888573,6.397085805966429,31.246344038161222,71.37177033492824,31.89446225538268,1.3688561851965886
41.09,41.04,21.23,"Blank",1,70.20393814225989,6.813476077880242,32.10059642516174,73.3221247563353,32.81572408335603,1.3616464338404763
39.22,39.07,20.33,"Blank",1,68.80194103780576,7.02718076291986,31.35382773144917,73.33452777066803,32.13166324496978,1.3503147527468289
38.62,38.77,21.72,"Blank",1,68.58433181587755,6.055570149410105,28.41848049227409,68.12071189063708,29.05649606067789,1.3608506617976945
39.99,40.31,22.7,"Blank",1,69.68975910909603,5.622684784591215,28.584368975326036,67.2914909451749,29.132125461497917,1.3765711527920454
38.62,38.88,21.46,"Blank",1,68.66425177838174,5.711087552409289,29.026668548579092,68.63683127572014,29.583171027804894,1.3765247089605959
37.64,37.86,21.16,"Blank",1,67.91730455661157,5.768709562990693,28.286337369685665,68.01267828843106,28.868579663949802,1.369615398172761
39.34,39.56,21.9,"Blank",1,69.1549863244804,5.885009024937049,29.078904304436403,68.60768452982812,29.668434518359078,1.371112683322973
34.75,34.78,19.94,"Blank",1,65.5770222372014,6.199529404441185,26.532818330463105,67.1178838412881,27.24746985306874,1.3412592237153964
36.99,37.07,20.85,"Blank",1,67.32951444615144,6.174665353712916,27.844129330055,68.10412732667925,28.520554524398218,1.352569563918139
37.35,37.2,19.77,"Blank",1,67.4268096385146,6.936716039355806,30.047338011256166,72.18225806451613,30.83764827241753,1.343911692920383
36.36,36.18,20.04,"Blank",1,66.65722928454326,6.986368741406235,28.204794621741968,69.92371475953564,29.057181347225384,1.3279821648713537
35.12,35.21,20.24,"Blank",1,65.91183671351685,6.021859767163463,26.540628033598423,66.7401306447032,27.215211398650066,1.3476816542423369
38.95,38.45,18.88,"Blank",2,68.35097442545236,8.1141184075178,33.37456099123428,77.61560468140442,34.34676460583786,1.3323006746390842
38.47,37.93,18.79,"Blank",2,67.96899142686368,8.227417661295034,32.89431180466311,77.31136303717373,33.90761198426967,1.3257078043835198
39.56,39.34,20.38,"Blank",2,68.9968389320407,7.260566753225395,31.59577563240381,73.80274529740721,32.419266916314506,1.3449221821502746
37.24,36.65,17.68,"Blank",2,67.01361290245367,8.357553501405379,33.495032741468144,78.92605729877218,34.52196284803163,1.3262730506697853
37.27,36.76,18.25,"Blank",2,67.09658131511286,8.098233011056388,32.472350328971245,77.15070729053319,33.46692268178839,1.3263932099940774
42.87,42.47,21.0,"Blank",2,71.19376074091448,7.933729693446134,34.22952272946469,76.79208853308216,35.13693630832957,1.3430377259693191
38.48,38.04,19.23,"Blank",2,68.05008532324162,7.909945939113927,32.16757230699634,75.89537329127234,33.1258200334051,1.329681955765496
38.57,38.13,18.87,"Blank",2,68.11631867241823,7.912846053354294,32.98976987922755,77.01914503015996,33.925477879441495,1.3353860228328553
42.21,41.84,20.13,"Blank",2,70.76046703645794,7.821758072504736,35.108478733244695,78.13336520076481,35.969225433799494,1.3515880127789983
38.95,38.53,18.79,"Blank",2,68.409434792031,7.862134068816751,33.65369691702058,77.70205035037633,34.559867886013826,1.341293746110214
37.83,37.82,20.33,"Blank",2,67.8877405927217,6.51342949478928,29.777620067511123,71.0539397144368,30.481657118152746,1.3554522444641726
37.93,37.84,19.76,"Blank",2,67.90252517896239,6.773761909424469,30.886726424845378,72.95137420718815,31.620779870977433,1.354904450061665
36.19,36.05,18.68,"Blank",2,66.5581106597464,6.846571042847749,30.68050761399441,73.57115117891817,31.435156791355922,1.3512367380101253
37.84,37.79,19.65,"Blank",2,67.86555393720592,6.641493218312588,31.034492737837915,73.051600952633,31.73718909518936,1.359972736450684
36.05,35.8,18.1,"Blank",2,66.36682612205149,7.202770068486908,31.5185423128737,75.30167597765362,32.33107493090665,1.3461294273184428
35.4,34.96,17.78,"Blank",2,65.71751107197994,7.8112471207483765,31.05406627487075,75.70137299771166,32.021408678967646,1.3243715857117768
34.66,34.35,17.9,"Blank",2,65.2394366259183,7.345459380191876,29.983248781527116,73.91790393013099,30.869904130090784,1.3305427900629032
32.66,32.0,15.41,"Blank",2,63.342883925798745,8.506957420071403,32.07468912454734,79.59437499999997,33.18364065293716,1.3115418866110928
31.65,31.1,15.54,"Blank",2,62.59195984637043,8.092746180529687,30.48633170406754,77.29774919614148,31.5421775011319,1.311325591966191
29.31,28.77,14.15,"Blank",2,60.57810407489828,8.005402297267317,30.243597321030368,78.26833507125475,31.285166530765473,1.312033339527823
38.15,37.23,17.39,"Blank",4,67.4492301742993,9.438550027809189,34.8488247636082,81.6508192318023,36.10438773933341,1.306299211363168
35.94,35.01,16.37,"Blank",4,65.75645013775659,9.46489717761867,34.105009474387415,81.83661810911167,35.39401008406577,1.3000867642575422
37.09,36.62,18.66,"Blank",4,66.99095634758866,7.962907634391392,31.46665799956727,75.62971054068817,32.458565335756596,1.3229410829280241
32.34,31.26,14.23,"Blank",4,62.72650658426831,10.015266739054397,33.75627405968022,84.16954574536148,35.21067460652592,1.2823757821172903
35.69,34.75,16.11,"Blank",4,65.55356033707592,9.498424007977956,34.3239336962955,82.32115107913668,35.61393664035221,1.3008234938953147
42.47,42.04,20.5,"Blank",4,70.89848901116461,8.009131398150904,34.649309713061214,77.62036156041867,35.56291396025479,1.3436375411307564
39.79,39.13,18.52,"Blank",4,68.8453290940009,8.636309538826714,34.94370613736957,79.98977766419625,35.9951169058425,1.3285025499944032
40.03,39.57,19.58,"Blank",4,69.16216089577769,8.021796306805328,33.40503043104513,77.03714935557242,34.3546979914964,1.3351214573291428
41.43,40.95,19.98,"Blank",4,70.14087744810676,8.126067567732376,34.32527811112121,77.78168498168498,35.27403707432945,1.3383387939956686
42.42,42.09,20.18,"Blank",4,70.93292607944846,7.710502753598469,35.31111758784344,78.18199097172725,36.14314427406332,1.3558117363579387
36.55,36.17,17.94,"Blank",4,66.64961321251226,7.650851892020361,32.332648917793286,76.76969864528614,33.22552814802062,1.3384409022903234
36.64,36.27,18.36,"Blank",4,66.72571086457108,7.621286007662431,31.61075718786548,75.64819409980699,32.51651842373012,1.3342135347893826
37.17,36.76,18.27,"Blank",4,67.09658131511286,7.7703542640927825,32.43189108949582,76.74483133841133,33.34975209848528,1.3356391258663907
34.62,34.11,16.64,"Blank",4,65.04979032977035,8.025314981811304,32.30236038456626,78.20345939607154,33.28435318541853,1.3272830381728438
37.58,37.08,18.05,"Blank",4,67.33700676002441,8.07462831066913,33.29310468390525,78.12675296655877,34.258290118581996,1.3328590498373036
36.8,36.24,17.8,"Blank",4,66.70289627133893,8.248982531060435,32.711837531457036,77.9139072847682,33.735886344991464,1.3237752503827076
33.98,33.45,16.9,"Blank",4,64.52363345546532,8.077308200944488,30.838506440669676,76.47354260089685,31.87877643925924,1.3146280566211486
35.86,35.14,16.62,"Blank",4,65.85751850348049,8.760563760992824,33.738056757580146,80.48833238474671,34.85690679317544,1.3167428800107652
34.63,34.0,16.62,"Blank",4,64.96257174414309,8.435663425002959,32.19504510355016,78.55647058823531,33.28184710378259,1.3145394982933798
34.3,33.76,16.92,"Blank",4,64.77162157354,8.119801683472872,31.223487242112256,76.9218009478673,32.26201070821959,1.3163774202126164
37.1,36.63,21.77,"T1130",0,66.99850990695937,7.963210668791354,25.594275174939863,66.64428064428064,26.804470632454123,1.2691577847135955
39.19,38.65,21.97,"T1130",0,68.4969738071036,8.246679945987989,27.819087377007847,69.53428201811124,29.01567425756565,1.2826091198607
41.11,40.87,25.26,"T1130",0,70.08474588382197,7.38861665145979,24.944640705303733,63.237582578908736,26.015894294429412,1.2828288879346803
41.98,42.27,29.03,"T1130",0,71.05667418397798,5.850290069809027,20.760011044290216,54.32363378282468,21.568587168842512,1.2961139569528286
42.08,42.35,29.18,"T1130",0,71.11156058778984,5.916070894739834,20.632259766477357,54.14781582054309,21.46369115280473,1.2915496652444964
42.34,42.48,28.32,"T1130",0,71.20060376093481,6.316165159116371,22.07130420712664,56.9114877589454,22.957273612534255,1.2920745587776985
43.33,43.59,29.61,"T1130",0,71.95359840217465,6.026315006402882,21.450745449603637,55.23239275063087,22.281179342666935,1.2969186559195407
43.38,43.1,25.66,"T1130",0,71.62279037002239,7.600295628926834,26.94808450177635,65.72343387470998,27.99935270612453,1.2959018213977684
43.8,33.97,18.72,"T1130",0,64.938752215924,37.650240453864555,27.80886614559901,106.62584633500147,46.80676919568004,0.6361719460885304
43.89,44.16,29.38,"T1130",0,72.33531135509726,6.033081486420566,22.446846561671883,56.694746376811594,23.243472046685095,1.3082295050727746
32.64,32.1,16.48,"T1130",1,63.425446819838,8.079522616182889,29.847232432067084,75.73333333333333,30.921448374215075,1.3064360159873905
37.29,37.08,19.75,"T1130",1,67.33700676002441,7.127421787402943,29.930890349160055,72.26591154261057,30.767813351439013,1.3370209173094665
38.07,38.06,21.32,"T1130",1,68.06481286609139,6.526973241402223,28.248018017640987,68.65580662112454,28.99227313645742,1.3437218927476036
35.37,35.18,18.87,"T1130",1,65.88856630410736,6.972204590531161,29.148817520070878,71.83456509380328,29.97107271471301,1.3360141615266354
37.71,37.58,20.29,"T1130",1,67.70991760988012,6.89028226091043,29.546406206497622,71.21181479510378,30.339184388417202,1.3416889094701931
34.66,34.74,19.58,"T1130",1,65.54573670307386,6.025200426935163,27.169816305693683,67.96200345423142,27.8298752830457,1.352567124129429
38.66,38.93,22.39,"T1130",1,68.70052920666997,5.682637614074282,27.423704450262587,66.14795787310557,28.006283866808246,1.3664717771128758
37.66,37.93,21.38,"T1130",1,67.96899142686368,5.610996809380097,27.973444644526978,67.33983654099657,28.5306307409298,1.3728402748396205
37.12,37.43,21.65,"T1130",1,67.59839347355008,5.443210889469141,26.844860673949377,65.62810579748864,27.391149836963567,1.3707430773497513
40.06,40.55,23.79,"T1130",1,69.85948425493004,5.109773514092919,26.999530459004273,64.26485819975339,27.47879965304207,1.3837543298955675
36.09,35.67,17.85,"T1130",2,66.26700606158327,7.766953425649481,31.857515571046836,76.46257359125316,32.79065208067232,1.3316587163221425
36.07,35.85,18.44,"T1130",2,66.40515410623458,7.104537854378535,30.897057988547026,74.26276150627615,31.70335393096344,1.344782824215046
36.39,36.29,19.44,"T1130",2,66.74091360512551,6.725541559475634,29.501451459361693,71.57012951226233,30.258363265010026,1.3466537174155222
37.76,37.56,19.3,"T1130",2,67.69506489175257,7.116746907827986,31.41882937730096,74.2140575079872,32.214762547472375,1.3480430557080922
33.75,33.25,16.79,"T1130",2,64.36282696967906,7.967298086337449,30.79607351449358,76.39879699248121,31.80999815634464,1.31763556792712
38.25,38.36,20.56,"T1130",2,68.28510950453177,6.157868667804545,30.031225916818016,70.81960375391031,30.65605774715482,1.3685508399609954
34.92,34.84,18.45,"T1130",2,65.62390559363533,6.580000019551891,29.52998366891977,72.16016073478761,30.25419534120799,1.3515536423310814
35.96,36.03,19.12,"T1130",2,66.5428405011331,6.142394706590116,29.78426389452149,71.50041631973356,30.411040568682335,1.3674180741214297
38.39,38.57,20.67,"T1130",2,68.43863463343028,5.9463257195862536,30.090685721049006,70.59631838216231,30.672596184971944,1.3756965281747036
37.83,37.9,20.03,"T1130",2,67.94684770446906,6.258657461395478,30.447291071297442,71.74300791556728,31.083891757619256,1.3680631373714727
33.49,32.71,15.23,"T1130",4,63.925403463579386,8.940439114107413,33.48837956071002,81.69795169672884,34.66126104392687,1.3099094674118952
37.43,36.9,17.94,"T1130",4,67.20193844103004,8.167495734046682,33.28493379454807,78.30352303523036,34.272362105246245,1.3301695073231334
34.56,34.23,17.5,"T1130",4,65.14472428516409,7.4095400547867225,30.64613471626181,75.04177621969035,31.52914297710542,1.3335715114192257
34.86,34.33,16.85,"T1130",4,65.22366657085337,8.099777242520146,32.15206957904564,77.94873288668803,33.15662783809957,1.3240106075942197
36.83,36.21,17.16,"T1130",4,66.6800690837948,8.446459254180972,34.005492710578665,79.958022645678,35.03878149168087,1.3273381032855045
34.95,34.64,17.41,"T1130",4,65.46741766074399,7.3571242430361945,31.39012500468763,75.8700923787529,32.24076960832955,1.3405748160356876
37.42,37.14,18.64,"T1130",4,67.38193237883922,7.358991773956602,32.18064781720849,75.76521270866989,33.01134432076898,1.3459843061239056
36.04,35.82,18.02,"T1130",4,66.38216159552483,7.1031722931741985,31.708012496434556,75.46063651591288,32.493893474013966,1.3504165598202
34.22,33.78,16.44,"T1130",4,64.78756858709822,7.77386285461501,32.28243341173525,78.0793368857312,33.20524733630941,1.3344876495718174
37.49,37.3,18.96,"T1130",4,67.50149795919081,7.072176954687926,31.751895192475523,74.7710455764075,32.52996365187593,1.3516412300424605
37.11,37.6,19.94,"Quercetin",0,67.72476505921772,4.865656105212723,30.23582319600846,70.11808510638296,30.6248202227291,1.411240694103935
37.28,37.99,19.58,"Quercetin",0,68.0132438679548,4.179856920922376,31.424139003764285,70.97551987365097,31.700910334046913,1.4385583599628489
37.52,38.04,20.05,"Quercetin",0,68.05008532324162,4.805440899352254,30.587260460432542,70.38012618296531,30.962441194316497,1.4149641341747827
38.21,38.79,20.48,"Quercetin",0,68.59887395178102,4.676604466950285,30.721923852532473,70.12116524877545,31.07583039181903,1.4197323385065708
39.2,39.82,20.68,"Quercetin",0,69.34113368364687,4.639736755282731,31.628096642822623,70.9573078854847,31.966602171736195,1.425138565566227
44.6,45.31,25.73,"Quercetin",0,73.09554934578034,4.830715831119104,29.374555741125953,65.80048554403001,29.769117226238677,1.4078028534459803
45.25,45.78,25.93,"Quercetin",0,73.40255256488707,5.387418994523497,29.58279911299877,66.47924858016601,30.069357937651304,1.3906572386158607
46.09,46.94,27.12,"Quercetin",0,74.15137416109042,4.562789556372238,28.996837202891147,64.43971026842779,29.35363037695187,1.414721362868717
47.16,48.37,27.17,"Quercetin",0,75.05770180955207,3.6753164979508868,30.481816861204436,65.25656398594168,30.70259126718976,1.4508015257036195
48.16,49.47,28.61,"Quercetin",0,75.74279337456973,3.50292500089483,29.46630302743354,63.307459066100655,29.673784687269553,1.4524726214853516
37.34,36.67,18.46,"Quercetin",1,67.0287104044511,8.619946355128306,31.93197406289512,76.97736569402782,33.07498212726193,1.3071337238965812
38.84,38.34,19.62,"Quercetin",1,68.27045886813295,8.110932025741091,31.790426128417092,75.42514345331246,32.80881606752271,1.3209881806915218
37.16,36.32,18.11,"Quercetin",1,66.76370724639017,9.172336080351561,32.18247519919504,78.10627753303964,33.46406220287254,1.293147667348385
37.8,37.27,19.02,"Quercetin",1,67.4791054941967,8.177458610023391,31.59504061564167,75.72524818889185,32.63613673250393,1.317532972615876
37.67,37.05,19.1,"Quercetin",1,67.31452577518397,8.464498546435328,31.154006177961268,75.49689608636979,32.28342975241408,1.3055020237081405
29.34,28.82,14.91,"Quercetin",1,60.62244064343871,7.929604537307289,28.529379884058258,75.470506592644,29.61087882328034,1.2996940428932313
29.13,28.45,14.87,"Quercetin",1,60.29312651973372,8.540247394377253,28.054305197444542,75.65623901581722,29.325413307718808,1.2752908773084985
28.93,28.18,14.29,"Quercetin",1,60.051009892036035,8.809931961978101,29.000220004107803,77.65436479772889,30.308871002749967,1.2758675218791864
27.91,27.19,14.07,"Quercetin",1,59.14978199964591,8.691026715237305,27.97316159949137,76.53769768297167,29.292178396907033,1.269559803484194
27.92,27.33,14.41,"Quercetin",1,59.278542127574624,8.17574583231978,27.383319043250644,74.87376509330407,28.577770762240142,1.280655050540609
40.24,39.36,18.03,"Quercetin",2,69.01124029438544,9.327105632083388,36.22050173737148,82.3053861788618,37.40213423828875,1.3187629395703526
33.96,32.88,14.5,"Quercetin",2,64.06362671543107,9.990401614423828,35.42070678492475,85.45863746958638,36.802643839282744,1.2958879013062015
37.44,36.52,16.76,"Quercetin",2,66.9153450116796,9.43547444313353,35.26118632696627,82.57831325301204,36.501773096002594,1.3093338576055542
38.97,38.21,17.85,"Quercetin",2,68.1751053211838,8.93578333020878,35.14734188070294,81.02747971735147,36.26546380516113,1.3218331280651752
37.59,36.83,17.18,"Quercetin",2,67.1492932521494,8.916313501534546,34.77234597062069,81.19576432256316,35.897307569763335,1.3197848066989948
30.76,30.03,13.99,"Quercetin",2,61.68009832681153,8.741065145453309,32.52869439485544,81.72960372960375,33.68266882108599,1.3082792122097755
30.59,29.64,13.56,"Quercetin",2,61.342354503167584,9.562758308015063,32.996117721397475,83.60863697705803,34.35389542892962,1.2887098846233573
29.17,28.16,12.86,"Quercetin",2,60.03301391173994,9.815781334352513,32.49604833525872,84.18323863636365,33.94617387293145,1.2774499929528458
25.63,24.72,11.53,"Quercetin",2,56.801581095154205,9.496944685368048,30.447981053472816,83.2710355987055,31.894694050728564,1.2684516042463243
29.25,28.48,13.53,"Quercetin",2,60.319933664076004,8.887353253968389,31.307384282534723,81.10323033707864,32.54439058386445,1.294198864774839
39.61,38.6,19.92,"Quercetin",4,68.46052126858191,9.72962365484914,31.54253468173156,76.64663212435232,33.009045284788805,1.2715958612078102
35.09,34.07,15.35,"Quercetin",4,65.01809620577234,9.77191379686987,35.09907908243135,84.07455239213385,36.43399033441473,1.299263188358025
38.03,37.02,16.61,"Quercetin",4,67.29203265158132,9.7286852220283,36.23290076392263,83.93246893571043,37.516268656645174,1.3084792026551053
36.81,35.98,16.61,"Quercetin",4,66.5046403658639,9.13656772021082,34.875327857513284,82.01834352418012,36.05225877632413,1.3145764333084546
35.18,34.28,15.97,"Quercetin",4,65.18421461857582,9.3625387923848,33.9959100502399,81.9784130688448,35.26158012317248,1.3020564954161895
30.03,28.94,12.74,"Quercetin",4,60.72863958828073,10.102517925875077,34.003034762352726,86.15756738078784,35.472062831084344,1.2819963565564647
30.85,29.8,13.36,"Quercetin",4,61.48127236701674,9.932827694025981,33.73145344657499,84.98791946308724,35.16350405772532,1.2844226191007402
30.03,29.06,13.12,"Quercetin",4,60.83454536740152,9.646027498630305,33.217969368105805,84.41569167240195,34.59016240847602,1.2881830456322503
27.88,26.96,12.27,"Quercetin",4,58.937284555294696,9.487748015033715,32.138333577169966,84.1253709198813,33.50954860206605,1.2837343464187059
31.46,30.54,14.04,"Quercetin",4,62.11737961521011,9.442889421848344,33.16196772059092,83.12508185985592,34.48020103965129,1.2933878709906643
21.89,20.31,8.4,"NC",0,52.18590834375344,12.832959762170692,32.01534890248764,94.11718365337273,34.49155580146405,1.189567977790539
23.02,21.21,8.96,"NC",0,53.17856442337019,13.744078676984905,31.86653707514551,94.14427157001413,34.704119119216585,1.163600556195867
23.03,21.42,9.09,"NC",0,53.406127129449416,12.808366019659733,31.838188103046683,92.6377217553688,34.317990351688096,1.1883124700097807
24.0,21.88,8.87,"NC",0,53.899450522115615,15.001868480922608,33.40308638817192,97.43053016453382,36.617239630733714,1.1486775812654832
24.48,22.66,8.92,"NC",0,54.72038631949104,13.558066161851512,34.655114443813,96.55428067078554,37.21287566371241,1.1978744399583936
28.27,26.84,12.04,"NC",0,58.82593627158313,11.51088731511074,32.55666769076188,87.26974664679584,34.53168310273734,1.2309493954217627
28.41,25.82,9.42,"NC",0,57.86579933266904,16.199911146952907,38.47706661330002,102.16731216111543,41.748314652611974,1.1722950521356488
29.34,27.67,11.84,"NC",0,59.58942509532524,12.382257761934357,34.41008545104371,90.36790748102638,36.57012835677657,1.2253789844071017
30.09,27.49,10.4,"NC",0,59.42515925685717,15.94780923649014,38.18461805874311,100.00436522371771,41.381127047671995,1.1751675517360693
32.78,31.5,14.65,"NC",0,62.92746854505906,10.726290188549314,33.1091644686512,83.90285714285714,34.803305489869274,1.2574986553036192
25.25,23.64,9.99,"NC",1,55.725537802440556,12.529326691181286,33.029298296772126,91.92301184433164,35.32589097689543,1.208226358496399
21.99,19.51,7.64,"NC",1,51.278620661376905,17.210062657971147,33.11300803328257,102.76166068682727,37.31832737012109,1.0914839072628337
18.38,16.26,6.72,"NC",1,47.31376933177554,16.4748971178022,29.74727784254123,100.88068880688805,34.004746346407465,1.0650183448304986
24.23,22.47,9.22,"NC",1,54.522172071528274,13.32489249632135,33.34569723481773,94.53137516688919,35.909445611352055,1.1906360691557905
21.99,19.53,7.52,"NC",1,51.301602258607986,17.111004049216504,33.58887436382195,103.30773169482846,37.69613959811958,1.0996373736762586
20.24,18.37,7.27,"NC",1,49.94183697391463,14.596519785891104,32.168424037003454,99.08002177463256,35.325145362537036,1.1448257674407512
19.46,17.56,6.96,"NC",1,48.958027150969116,14.947977253747691,31.647832416333898,99.8359908883827,35.00039029255121,1.1295350127487596
21.26,19.3,7.69,"NC",1,51.0363601557647,14.816553956881695,32.51489766454457,98.76373056994818,35.731622427382064,1.1432247497070855
21.58,20.0,8.49,"NC",1,51.837211526538496,12.881095965336097,31.109708763845166,93.11499999999998,33.67100551868718,1.178233540727454
19.58,17.75,7.1,"NC",1,49.191470147625154,14.546763184383805,31.515155791861805,98.79661971830984,34.7104215435057,1.138354371322364
22.81,20.32,7.45,"NC",2,52.197097367312296,17.0231212212672,35.38945320396334,104.82185039370077,39.27085502238866,1.1224456992725018
18.02,16.05,6.2,"NC",2,47.04001891742756,15.753076381142872,31.378912495636722,102.76386292834891,35.111188599632285,1.105528049160524
19.05,16.69,6.53,"NC",2,47.86703697516345,17.564455367993116,31.456803485131136,104.62672258837627,36.02833021215916,1.0615516704739005
20.38,18.02,6.73,"NC",2,49.520356448917866,17.100662355298834,33.51236585268514,105.17536071032185,37.62328159576397,1.0989592351383726
22.33,20.42,8.11,"NC",2,52.308786229434986,14.344889515946146,33.22322330755873,97.87365328109694,36.18782146204183,1.1632029354431488
16.86,15.06,6.33,"NC",2,45.716266612881476,15.153010882651753,28.55997001943824,98.74501992031871,32.3308772896897,1.0829942846319056
20.39,18.25,7.07,"NC",2,49.79793725422033,15.953173906127383,32.674870593245565,101.94520547945204,36.36139334465179,1.1166010220788647
17.85,16.01,6.81,"NC",2,46.987605657829626,15.072121136422478,28.83196918317771,97.62273579013117,32.53384825886268,1.0891090996804498
22.2,20.59,9.11,"NC",2,52.4978233915093,12.929694085166755,30.20778104895069,91.10927634774163,32.85859134286405,1.166366029098318
18.49,16.63,7.28,"NC",2,47.79041178224216,14.996544653201216,28.421708017311666,95.91340950090198,32.13549187668949,1.0852788456497346
25.2,23.3,9.26,"NC",4,55.38001412649871,13.806175191579174,34.69730655709189,96.3107296137339,37.34318620226973,1.1920986954790962
16.52,14.42,6.2,"NC",4,44.82933602774889,17.07309730661255,27.567390272052805,101.06518723994449,32.42609532541241,1.0162903329581117
19.53,17.07,6.56,"NC",4,48.34811504474257,17.9301300101018,32.16597488525622,105.71060339777388,36.82579941424336,1.0622701466606033
21.52,19.48,7.75,"NC",4,51.24411879857695,15.154336218286046,32.65762775733197,99.23305954825462,36.002424320499806,1.1363310267459428
20.66,18.61,7.43,"NC",4,50.22776721448753,15.416923104822954,32.06767196701008,99.77968833960239,35.5811340938395,1.1226570984593187
20.0,18.11,7.25,"NC",4,49.62925474866056,14.758016808483932,31.704316558385937,98.9232468249586,34.970884297567295,1.1351365046720865
17.19,14.92,6.13,"NC",4,45.52442973306298,17.802505520862933,29.057884136196023,103.92359249329762,34.077702875824066,1.0211224176508005
19.79,17.73,7.17,"NC",4,49.166975886387405,15.705180994347423,31.207977391607223,100.00564015792442,34.93695125422765,1.1045580726081388
21.32,19.62,8.35,"NC",4,51.40482573671129,13.51383513407428,30.838727888938912,93.97859327217125,33.66973236957727,1.1577902099301367
16.72,14.77,7.23,"NC",4,45.317553827681486,16.091184164448713,24.345314586207213,93.01150981719701,29.182538445371723,0.9867576197056132
20.57,18.13,6.99,"NCT",0,49.65340535056389,17.455080520593746,32.73148218841695,104.35852178709321,37.09487514780266,1.080879674779439
21.82,20.06,8.19,"NCT",0,51.904981013689905,13.716541567926788,32.249904098362734,95.95314057826522,35.045682001328736,1.1686543432364394
22.16,19.94,7.5,"NCT",0,51.76930636451178,15.884649954087116,34.468418174965635,102.38114343029088,37.95252238848139,1.138959145874849
22.48,20.84,8.62,"NCT",0,52.7739382089504,13.029781860160906,32.28878517861443,94.22840690978887,34.81868555293392,1.1872428747906336
22.95,21.3,9.19,"NCT",0,53.27627438998624,13.006420706645482,31.293411382151515,92.18122065727698,33.8887086731086,1.1768904769573583
23.92,21.84,8.96,"NCT",0,53.85682889537581,14.833754953757438,33.035958578603484,96.7032967032967,36.21346221000318,1.148758957240876
24.13,22.72,6.69,"NCT",0,54.78275000817385,11.76459894550269,42.74318320843476,104.73151408450705,44.33266853166344,1.3022077603403037
24.38,22.58,9.88,"NCT",0,54.63706325403503,13.483091709614037,31.486509092255055,91.82285208148804,34.25191990044533,1.1662031177089878
26.49,24.05,8.9,"NCT",0,56.13782038190075,15.934289111218858,37.16424422519387,101.75966735966735,40.436154840807546,1.1657509743242234
29.08,27.52,12.04,"NCT",0,59.45258658991342,11.97011686107724,33.63709927408996,88.88081395348837,35.70347525441787,1.2289100921304454
27.12,25.94,11.92,"NCT",1,57.98005442479726,10.564643325516654,31.419764989991016,85.11333847340013,33.14835321130823,1.2464302976712418
22.74,20.3,8.19,"NCT",1,52.174715646844575,16.801157288859226,32.71496381069839,100.61970443349753,36.77700019550661,1.0963581958393913
19.44,17.5,7.34,"NCT",1,48.88395864072102,15.166162166760477,30.083675640423422,97.73028571428573,33.690354924023616,1.1038480913029032
24.99,23.64,10.76,"NCT",1,55.725537802440556,11.421360659186918,30.758051432758293,87.06260575296108,32.81013878738441,1.2152478259430237
21.29,19.11,7.81,"NCT",1,50.815653161779835,15.910691699983492,31.7045287129296,99.28100470957614,35.472908694959045,1.10567550836281
20.66,19.01,7.84,"NCT",1,50.698903573659265,13.386162935979273,31.396465265582485,95.39400315623355,34.131032643644296,1.1677752275051965
18.8,16.85,6.66,"NCT",1,48.07047704941054,15.400839756627093,31.28900562237622,100.91632047477744,34.87388332328931,1.1133981015527212
18.96,17.34,7.24,"NCT",1,48.68561133163428,13.574202965363769,30.114810459025755,95.70011534025375,33.03272309586264,1.147320195700003
21.72,20.3,8.81,"NCT",1,52.174715646844575,12.085087354725966,30.626272245687147,90.95073891625616,32.92442692042345,1.194954893579399
19.17,17.52,7.56,"NCT",1,48.90866692895874,13.688299715351626,29.317197170784148,94.31506849315069,32.35533339417057,1.1339747678248002
22.11,19.97,7.96,"NCT",2,51.80327594732543,15.506410999298781,32.87617446411532,99.46519779669505,36.349575368553104,1.1300757962377488
19.12,17.49,7.06,"NCT",2,48.87159743664198,13.592715507310615,31.115831967671824,97.14122355631791,33.95521924392582,1.1589379498563044
19.23,17.3,7.28,"NCT",2,48.63583400429442,15.170158051027949,29.87933253809144,97.67398843930634,33.50982256316822,1.1009965092222056
20.18,18.01,7.2,"NCT",2,49.508234273535024,16.1699195235977,31.683333054246642,101.04608550805106,35.57105411463011,1.098894766748615
19.71,18.01,7.67,"NCT",2,49.508234273535024,13.834040407596115,29.95227168568615,94.93947806774017,32.992715152472044,1.1381156900711398
17.57,16.05,7.07,"NCT",2,47.04001891742756,13.339890672295962,27.919838978085608,93.42928348909655,30.943013617148495,1.1250719987310427
16.04,14.35,6.27,"NCT",2,44.73074697971083,14.766642682500386,27.107542797296368,96.7595818815331,30.868634770911015,1.0719982004510882
17.56,15.88,6.66,"NCT",2,46.81665724447911,14.248564641164362,29.127247338011685,97.08564231738033,32.42557835757364,1.1158394157816844
19.86,18.23,7.37,"NCT",2,49.77389269251266,13.438450848197947,31.506772151798934,96.59133296763575,34.25300939515833,1.167634032570393
18.14,16.44,6.93,"NCT",2,47.54654263623225,14.206502618132665,29.329848320511264,96.55352798053526,32.58933443848167,1.1197306105382305
26.27,24.93,11.48,"NCT",4,57.007153411716985,11.279751145053307,30.940042195617078,86.06819093461692,32.93203602817319,1.2212026848603692
21.47,19.23,7.83,"NCT",4,50.95521628930629,16.163208353553504,31.873943781001866,99.74934997399895,35.73790139942257,1.1014865743144742
19.52,17.51,7.2,"NCT",4,48.89631513666643,15.516790129310953,30.628300059645607,99.10679611650485,34.334582281728274,1.1018698518603756
22.53,20.91,8.68,"NCT",4,52.85085432473174,12.927517350923456,32.22166010134557,93.91487326637973,34.71823850003154,1.189250887762738
18.47,16.45,7.0,"NCT",4,47.55942456292533,15.887596625432876,29.08281774180621,98.6115501519757,33.1394932721607,1.0708074256720603
19.13,17.36,7.21,"NCT",4,48.71047129231832,14.33833363555026,30.270275792890722,97.02649769585253,33.494438464049786,1.1284279873410197
16.79,14.94,6.43,"NCT",4,45.55190826719117,15.471786153378408,27.86879467900787,98.2289156626506,31.875474641745637,1.0639961299887069
18.33,16.64,6.98,"NCT",4,47.80319543224014,14.102659604264323,29.579854427787833,96.53605769230766,32.769693252804004,1.125908334780879
22.16,20.75,8.84,"NCT",4,52.674792557488104,11.981692225740915,31.389929127120286,91.53927710843375,33.598937471265586,1.2061603159496048
20.05,18.43,7.92,"NCT",4,50.013551915666994,13.349392705638842,29.931426904038027,93.69940314704286,32.77341303741701,1.1512744386193934
24.51,22.42,8.19,"NC+T1130",0,54.469824834306365,14.768079649227218,36.672048616666984,101.21052631578948,39.533976858761704,1.1879587683745545
24.62,22.71,8.44,"NC+T1130",0,54.77236369107564,13.939819895020133,36.339181448442524,99.37120211360633,38.92113419529842,1.2045046937163157
27.2,25.27,9.5,"NC+T1130",0,57.337550993419086,13.657673921187996,37.31540234765216,97.9263949347052,39.73627196032188,1.219933725555195
29.8,28.04,10.92,"NC+T1130",0,59.924858696163454,12.694721409618525,37.54001981112438,94.75320970042794,39.62838678381241,1.244703579129562
29.86,27.77,10.26,"NC+T1130",0,59.680376242007895,13.9765312249851,39.03869760036434,98.47029168167087,41.46520632308099,1.2269970292748908
30.13,28.38,10.99,"NC+T1130",0,60.230503146654826,12.627559625294825,37.867920098322394,94.84496124031008,39.91784857257847,1.2489288538909922
31.04,29.19,11.19,"NC+T1130",0,60.948948135120844,12.931899646960677,38.54245650401475,95.47721822541966,40.654089361870234,1.2470759252532622
31.89,30.01,11.34,"NC+T1130",0,61.66284949792724,12.972042500826952,39.35459591037834,95.96401199600133,41.43739984497614,1.252391931770402
33.91,32.22,12.76,"NC+T1130",0,63.5242962644984,12.140746389596446,38.77172675765366,92.73494723774051,40.62812472495692,1.2673339565975805
34.23,32.46,12.68,"NC+T1130",0,63.721261270292615,12.404688905493956,39.31726801765335,93.57239679605668,41.22770756680599,1.2651786000377192
22.63,20.86,8.32,"NC+T1130",1,52.79593179478256,13.621777717254258,33.33955659869412,96.5829338446788,36.014981082541375,1.182917877803311
24.16,22.26,8.69,"NC+T1130",1,54.301788846764566,13.968967837122259,34.69007107063705,97.54447439353099,37.396966365206765,1.187982485741985
25.11,23.19,9.08,"NC+T1130",1,55.26750782805749,13.907946938235604,35.07968364217571,97.09357481673133,37.73612582753968,1.1933390984678829
21.62,19.74,7.91,"NC+T1130",1,51.54196716410834,14.3422054199977,32.60194563007147,97.71529888551166,35.61721094043647,1.1563575705818097
26.46,24.52,9.58,"NC+T1130",1,56.6047126892946,13.798380727783666,35.80240135137318,96.71288743882543,38.369353046848204,1.2029358785094189
24.84,22.97,9.03,"NC+T1130",1,55.04142337123197,13.72741921109888,34.851331048666445,96.74967348715717,37.457406664917265,1.1955725248630689
25.71,23.82,9.36,"NC+T1130",1,55.90712221734617,13.688394887922673,35.28913929207745,96.5037783375315,37.850964407572924,1.2007707654200912
25.22,23.17,8.84,"NC+T1130",1,55.24701393538818,14.464476649911518,35.824793571775594,98.8830384117393,38.63465955869379,1.187056187055863
19.05,17.02,6.77,"NC+T1130",1,48.28522591647807,15.76191682784389,31.225729170980543,101.10340775558167,34.978338787702505,1.103337310339105
24.11,21.97,8.42,"NC+T1130",1,53.995159610880705,15.071817730075153,35.066907355102174,99.84342284934002,38.168674081502054,1.1648656042784085
23.13,21.15,8.1,"NC+T1130",2,53.11327078908293,14.521571228362895,34.645031505227365,99.38723404255322,37.565332940606474,1.1738884887413243
20.47,18.42,6.69,"NC+T1130",2,50.0016102453783,15.466542062272548,34.49983878982172,103.74701411509228,37.808104949702695,1.1493506413888563
21.68,19.64,7.28,"NC+T1130",2,51.427721399388105,15.116965269998783,34.6929314951495,102.00407331975559,37.8433895773289,1.1598673000013089
25.17,23.13,8.8,"NC+T1130",2,55.20599074282332,14.428654433598197,35.88550655494595,98.96065715520969,38.6775858795409,1.1885026921039354
22.32,20.32,7.42,"NC+T1130",2,52.197097367312296,14.780206798534367,35.49992611822438,101.89173228346456,38.453858940382446,1.1762795598953466
25.29,23.18,8.73,"NC+T1130",2,55.25726235525558,14.717535623766986,36.20489220294313,99.72993960310612,39.08196610028188,1.1846932375650034
21.06,19.08,7.39,"NC+T1130",2,50.78067113802322,14.96311479840351,33.16858301746796,100.22746331236897,36.38749378367334,1.1470088022451963
22.05,19.95,7.32,"NC+T1130",2,51.780633342219716,15.325364633346938,35.15229260682621,102.58045112781956,38.34775712686427,1.1596703339927044
23.58,21.44,8.42,"NC+T1130",2,53.427722067722,15.179271988541965,34.088566763449236,99.14738805970148,37.31542150489889,1.1518667705659378
20.07,17.93,7.08,"NC+T1130",2,49.41109495138652,16.045206281471046,31.96983802324196,101.42108198549919,35.77036745474227,1.1056412523223973
21.82,19.75,7.83,"NC+T1130",4,51.55337050168177,15.232104119685951,32.90524414716648,99.39139240506329,36.259786103858744,1.1372600214398723
24.48,22.45,9.02,"NC+T1130",4,54.50124250446696,14.502651571438097,33.952345838042085,96.98530066815145,36.92003101987524,1.1671083356631327
23.86,21.72,8.34,"NC+T1130",4,53.72865093972027,15.121860431792422,34.879419112059,99.90976058931861,38.01637200619328,1.1617087951343144
21.83,19.77,7.92,"NC+T1130",4,51.57616563433871,15.180650891738756,32.62558848795476,98.87303995953462,35.9844575571484,1.1352929100759739
26.51,24.33,9.49,"NC+T1130",4,56.416693646569215,14.814491769795435,35.75900145726298,98.12330456226881,38.70627018478883,1.1780345081016943
21.92,19.86,7.87,"NC+T1130",4,51.678553920670055,15.159895188581352,32.979018562878935,99.27190332326285,36.296529964990945,1.1399192300708048
24.49,22.31,8.69,"NC+T1130",4,54.354386344199426,15.178999753257095,34.78075641104198,99.21918422232181,37.94868970114273,1.159293170154305
22.48,20.24,7.59,"NC+T1130",4,52.1074821558464,15.902437261471224,34.72328831661833,102.41600790513836,38.191547001581796,1.141329278692897
18.81,16.66,6.72,"NC+T1130",4,47.828747375473185,16.494465064540996,30.635171021330265,101.76230492196878,34.793405715329406,1.0768902910607525
23.27,21.14,8.29,"NC+T1130",4,53.10237651544895,15.197601966112806,33.970525932728265,99.32923368022705,37.215100935864186,1.1501265655753452
14.99,13.95,6.22,"NC+Quercetin",0,44.16114017663281,11.051004549143318,26.332287820981826,90.27956989247313,28.55720720645165,1.1734445803698363
16.87,16.09,7.04,"NC+Quercetin",0,47.092345165911446,9.277216265221988,28.124461686013547,87.82597886886266,29.615065199316096,1.252172414748015
19.06,16.22,7.2,"NC+Quercetin",0,47.261808890436114,20.22443108973321,27.81018584200714,103.35881627620222,34.38653878293571,0.942027289780382
19.53,18.27,7.69,"NC+Quercetin",0,49.821964255535775,11.577331687717296,30.42111162966713,92.2112753147236,32.54963351240828,1.2071522169169049
20.43,19.22,7.03,"NC+Quercetin",0,50.943608241866784,11.210699058469665,34.802777664492226,97.28720083246618,36.56382237326469,1.2591707532412693
20.94,19.64,8.1,"NC+Quercetin",0,51.427721399388105,11.597869909467207,31.738911867822484,92.75560081466398,33.79155387060985,1.2204554359948976
21.08,19.87,8.06,"NC+Quercetin",0,51.6899112885491,11.139802438624724,32.33031366219578,92.797181680926,34.19567779511838,1.2389741055105679
21.32,19.84,7.83,"NC+Quercetin",0,51.65582774235942,12.431929937315067,33.08189456212794,95.71471774193547,35.34069368003493,1.211330988132122
22.68,21.26,8.63,"NC+Quercetin",0,53.23288178584245,11.966629926940586,33.04671313779368,93.52116650987769,35.14662830229915,1.2233718216543674
23.49,22.36,8.73,"NC+Quercetin",0,54.40690531439283,10.558097813400448,34.73875937386944,93.08318425760285,36.307779225297345,1.2757393441619311
14.49,13.29,6.0,"NC+Quercetin",1,43.19699339490705,12.166679416269755,25.593407496896315,91.70203160270881,28.338147351590763,1.1270352696854506
14.8,13.36,5.9,"NC+Quercetin",1,43.300743971169474,13.61244032562048,26.199505509355824,94.98502994011979,29.52477977146222,1.0916166750294178
13.69,12.55,6.19,"NC+Quercetin",1,42.07723045074878,11.980084243732204,22.86396795627228,87.3450199203187,25.812466933487126,1.0881553662999754
13.6,12.58,6.16,"NC+Quercetin",1,42.1234703034434,11.204682692289802,23.06872310718647,86.47376788553261,25.645874912565134,1.1186468724242653
17.04,15.53,6.87,"NC+Quercetin",1,46.35172520915906,13.411035260248171,27.502042890244738,93.55441081777207,30.59768340722024,1.1170873098922744
18.73,17.13,7.26,"NC+Quercetin",1,48.423420104733424,13.517209868161961,29.58786043596896,95.03093987157037,32.529316743490206,1.1422606778041358
19.33,17.54,7.24,"NC+Quercetin",1,48.93335642047208,14.396080402894807,30.54195716391852,97.30900798175598,33.76474904940426,1.1303268196038763
17.0,15.43,6.88,"NC+Quercetin",1,46.21760622068112,13.768172260099632,27.23200551286762,93.76020738820482,30.5146635510967,1.102688403401986
19.28,17.75,7.62,"NC+Quercetin",1,49.191470147625154,13.029567675663989,29.586861010563926,93.52788732394367,32.32881034422912,1.155968136464267
15.55,14.23,6.43,"NC+Quercetin",1,44.56098859042097,12.653245616394637,26.160312477679938,91.97610681658469,29.059707045300144,1.1202889554756288
14.7,13.33,5.95,"NC+Quercetin",2,43.25632392161008,13.19618594144073,25.908712010778157,93.84096024006,29.075774821292697,1.0997094916059607
12.17,11.1,5.71,"NC+Quercetin",2,39.748388190981856,11.926748893284184,20.899959201813456,85.8108108108108,24.063574834195407,1.0522305767101663
14.84,13.21,5.83,"NC+Quercetin",2,43.077974238163016,14.814976240826782,26.11735266198252,97.0128690386071,30.026648682239372,1.0548085489727699
14.26,13.03,6.22,"NC+Quercetin",2,42.808413191407205,12.419619673242677,23.99999991542043,89.48273215656178,27.023081777772447,1.0932594303288479
17.67,16.17,7.19,"NC+Quercetin",2,47.19673806803904,13.204170295878004,27.73563344888872,92.7408781694496,30.718324759232264,1.126473350955462
19.0,17.47,7.98,"NC+Quercetin",2,48.84686088612678,13.084637249120124,27.7085924187643,90.79107040641101,30.642679807260077,1.1296161333583634
18.32,16.65,6.89,"NC+Quercetin",2,47.815973961608904,13.994993988860838,29.94905179719314,96.9741741741742,33.05760971847796,1.1336546442298876
15.38,13.79,6.39,"NC+Quercetin",2,43.930248424866576,14.370919364040002,25.23543807899329,93.64031907179118,29.040500312605573,1.0531250937899936
19.82,18.34,8.08,"NC+Quercetin",2,49.90592093359933,12.66986968316619,29.184735604161872,91.62922573609596,31.816259837907523,1.1612208436377933
15.09,13.63,6.12,"NC+Quercetin",2,43.69756372940281,13.649061629248116,25.950018719349067,94.11592076302273,29.32064724547499,1.0865852846504995
12.36,11.3,5.91,"NC+Quercetin",4,40.08122227449501,11.797921510844217,20.605668046634275,84.56814159292036,23.744146807668738,1.0507998902807727
13.98,12.55,5.84,"NC+Quercetin",4,42.07723045074878,13.819379387848718,24.348651630229444,93.2589641434263,27.997001319347987,1.0545695574985752
15.56,13.84,6.0,"NC+Quercetin",4,44.00259307311643,15.11877951094781,26.982372459326285,97.95375722543355,30.92936981954959,1.0600639652537223
15.67,14.5,6.64,"NC+Quercetin",4,44.94161932091765,11.714823469961777,25.973759391131047,89.78758620689656,28.49338986222481,1.1470900604143095
19.18,17.89,8.44,"NC+Quercetin",4,49.362416909257604,11.783500835168715,27.011686997032115,87.22191168250419,29.470020806881962,1.1594463585562604
18.75,16.98,7.12,"NC+Quercetin",4,48.23482587549849,14.433729047716337,29.789892963717946,96.89517078916371,33.10242071227816,1.1196111324368814
19.25,17.37,7.18,"NC+Quercetin",4,48.72289411299063,14.89670901704332,30.404610569947387,98.03799654576855,33.85782455280634,1.1152217875851769
16.23,14.61,6.68,"NC+Quercetin",4,45.09533650787249,14.282749229145686,26.080275577675437,93.72758384668035,29.735125689160213,1.069762482197233
21.54,19.83,8.24,"NC+Quercetin",4,51.64445892551922,13.523188616578864,31.628453749624864,94.99142713061019,34.398193512911796,1.1667559431509984
16.47,14.88,6.71,"NC+Quercetin",4,45.46939890787263,14.032172961058686,26.60674045192214,93.877688172043,30.08023463148212,1.0854762799561104
19.74,18.03,8.11,"PU",0,49.5324741404183,13.879759627388244,28.436478326495497,92.46034387132556,31.64302493326649,1.1167163846038928
20.81,18.65,8.06,"PU",0,50.27518285066998,15.938964012454704,29.891126700335214,97.01447721179623,33.87521260753678,1.0809163665255912
22.25,20.14,8.5,"PU",0,51.995130447142174,15.327666102122217,31.348289276040376,96.67328699106255,34.89487911818085,1.1160297887501696
23.76,22.01,9.82,"PU",0,54.037613091864245,13.348497467121078,30.63614223850124,90.88414357110406,33.4178933490341,1.159888641964628
24.41,22.13,9.24,"PU",0,54.16466572969989,15.649650062120656,32.665546668526915,96.92905558065974,36.220843256618735,1.1240183695161114
25.31,23.39,9.53,"PU",0,55.471801643981266,13.877620323272277,34.004872076371214,95.31851218469431,36.7276417806435,1.1833209036238193
25.61,23.75,9.76,"PU",0,55.836615118549915,13.572165563688287,33.92178540862345,94.464,36.5361629539401,1.1902022408368906
27.44,25.29,10.04,"PU",0,57.3568936162317,14.541367102429758,35.69102205757228,96.80031633056547,38.53959538866149,1.183906663748697
27.58,25.62,10.87,"PU",0,57.67458491445885,13.73352844730219,33.80295380692891,92.81889149102264,36.486291805090694,1.1848862728615708
30.53,28.4,12.2,"PU",0,60.24840603673218,14.053692889489323,34.58382220882922,92.06478873239436,37.33024299953045,1.1848140097237234
19.89,17.88,7.3,"PU",1,49.35023606348372,15.414001728053961,31.036438262884015,99.11185682326625,34.65331079880047,1.109838648124842
21.06,19.04,7.85,"PU",1,50.7339713527665,15.164406976234169,31.42139713882015,97.87710084033613,34.889302616938544,1.1211539856671378
22.29,20.0,7.49,"PU",1,51.837211526538496,16.19305552074418,34.6221235302345,102.95899999999999,38.221806404730806,1.133314129369924
20.6,18.81,7.96,"PU",1,50.46417031561033,14.106392258083078,30.567371650813424,95.32376395534293,33.66533101245046,1.1384323892491393
23.62,21.69,8.86,"PU",1,53.69653271733206,14.198303480517428,33.085977433319826,96.09036422314432,36.00380152765847,1.1654297279793815
17.26,15.34,6.47,"PU",1,46.09640278474302,15.720714140905756,28.64564266879075,99.31290743155154,32.67588861849237,1.06887527838162
24.52,22.54,9.6,"PU",1,54.59532790413948,14.27043026106345,32.27579032832202,94.09760425909495,35.28982602895175,1.1544976525082264
22.37,20.28,8.0,"PU",1,52.15231922090743,15.203579673053024,33.337461201702155,99.3767258382643,36.64062164114942,1.1429218656641291
22.05,20.02,7.86,"PU",1,51.85981639709742,14.984058362322362,33.32700963048224,99.36263736263737,36.54054701172026,1.1482692293258705
20.32,18.29,7.56,"PU",1,49.84597372848599,15.402919377861979,30.933243376865615,98.39256424275561,34.555975911169355,1.1087975528513727
22.33,20.27,7.7,"PU",2,52.14111548583446,15.06760823836223,34.38365817989033,100.74198322644303,37.540228660149374,1.157781679304205
21.66,19.52,7.67,"PU",2,51.290113422219065,15.616053974746691,33.024477114451734,100.38217213114754,36.530497264958605,1.129093017912815
21.94,19.64,7.53,"PU",2,51.427721399388105,16.334374142051857,33.769791082197145,102.34928716904277,37.51280539159627,1.1202753140169195
21.9,19.86,7.87,"PU",2,51.678553920670055,15.066534124097808,32.979018562878935,99.14300100704934,36.25763527704636,1.1422588177990691
21.24,19.08,7.55,"PU",2,50.78067113802322,15.823377475116251,32.58122394225384,100.54612159329139,36.22037311093456,1.1186868791839881
16.16,14.2,6.1,"PU",2,44.518399976803536,16.36983756573479,27.449197877688334,100.13239436619718,31.959819243184583,1.0330513094908484
26.97,25.04,10.72,"PU",2,57.1143736842719,13.687520215935944,33.26786499496514,92.4856230031949,35.973588241720925,1.1804723505527228
20.68,18.48,7.03,"PU",2,50.07319556205752,16.180238762149912,33.30206614757971,102.91450216450215,37.02469089807439,1.1185222175344725
21.05,18.8,7.24,"PU",2,50.45239006539627,16.33018355979138,33.1609806896499,102.49787234042556,36.96384091779173,1.1132055170312065
20.73,18.59,7.51,"PU",2,50.20403391476151,15.85865321177593,31.733077625557993,99.91285637439485,35.47513350617669,1.1073475358196734
24.23,22.23,9.01,"PU",4,54.27019253291469,14.411011197241974,33.58636885639867,96.55330634278003,36.547522716117165,1.16548069623643
17.76,16.02,6.93,"PU",4,47.00071714981071,14.533163385613557,28.388769895646536,96.04868913857679,31.89255546645495,1.097647528533566
21.23,18.73,7.08,"PU",4,50.3698111181844,17.54666124649118,33.62279693151417,105.01655098772025,37.92595146330484,1.0898077689448675
20.23,17.99,7.12,"PU",4,49.48397645451517,16.520834207800593,31.943600858574307,101.98554752640356,35.96291977486733,1.0934933748682507
16.6,14.75,6.81,"PU",4,45.28986470500581,15.538130806154737,25.904829609343537,95.11457627118645,30.20751075541142,1.0305121449903818
16.79,14.69,6.12,"PU",4,45.20664686375182,16.959981857858352,28.551886192364606,102.13750850918991,33.209203389431444,1.0347960915116594
24.31,22.04,8.51,"PU",4,54.06941946003826,15.625237469082343,34.89098257017036,100.25499092558981,38.229945208921585,1.1497482303515636
23.13,20.85,7.86,"PU",4,52.78493675994696,15.936804112569703,34.92204473884352,102.03741007194245,38.38659836536974,1.1426712456566577
19.57,17.44,7.13,"PU",4,48.80972063694506,16.141912637823886,30.743206027795477,100.29701834862385,34.72327836588329,1.087305225936256
23.36,21.09,8.28,"PU",4,53.0478535509496,15.835687300671585,33.910781284809566,100.16121384542437,37.42606150306016,1.1339111564278426
22.25,20.14,8.5,"PUT",0,51.995130447142174,15.327666102122217,31.348289276040376,96.67328699106255,34.89487911818085,1.1160297887501696
22.95,20.78,8.56,"PUT",0,52.707872905839764,15.456427103828553,32.375547580876464,97.70163618864291,35.875858456315186,1.125383058133234
23.76,22.01,9.82,"PUT",0,54.037613091864245,13.348497467121078,30.63614223850124,90.88414357110406,33.4178933490341,1.159888641964628
25.31,23.39,9.53,"PUT",0,55.471801643981266,13.877620323272277,34.004872076371214,95.31851218469431,36.7276417806435,1.1833209036238193
25.61,23.75,9.76,"PUT",0,55.836615118549915,13.572165563688287,33.92178540862345,94.464,36.5361629539401,1.1902022408368906
26.14,23.81,9.72,"PUT",0,55.89705823929769,15.526062207572854,34.149027179390814,97.25325493490132,37.512859994569794,1.1440771699312218
26.72,24.64,10.34,"PUT",0,56.722961615967094,14.355431579664401,33.70264887779666,94.32305194805194,36.63259419176418,1.168126613086759
27.44,25.29,10.04,"PUT",0,57.3568936162317,14.541367102429758,35.69102205757228,96.80031633056547,38.53959538866149,1.183906663748697
28.37,26.32,11.01,"PUT",0,58.339553941038474,14.000763871076071,34.5509402011264,93.62841945288754,37.27987201903249,1.185797272715765
30.53,28.42,12.15,"PUT",0,60.266300523668605,13.97656148028059,34.74720427698442,92.18648838845883,37.45280331134837,1.1883642220060215
21.54,19.63,8.18,"PUT",1,51.416275511984466,14.506737812849336,31.441847354769948,96.28323993886909,34.62708776451474,1.1385166160763183
25.54,23.81,10.36,"PUT",1,55.89705823929769,13.016886239917591,32.21960421843543,91.1784964300714,34.749708248783584,1.1868420042878673
25.66,23.91,10.04,"PUT",1,55.997571523029464,13.088594018970333,33.34736327618912,92.8582183186951,35.823985412954165,1.1967785345533342
21.51,19.86,8.81,"PUT",1,51.678553920670055,13.23452089266003,29.770820993662106,91.61228600201412,32.57996816902876,1.1524865931833477
23.82,22.0,9.43,"PUT",1,54.02700454685315,13.659350034462115,31.827016014701638,93.15363636363637,34.63432967106531,1.1653949919201645
22.34,20.56,7.89,"PUT",1,52.46453970143348,13.719624808837928,34.263317384717006,98.40369649805449,36.90803466863458,1.1899302657964292
23.96,22.09,9.57,"PUT",1,54.12236599632507,13.865210094960501,31.553602952001935,92.91353553644183,34.465546713057954,1.1567774497219363
23.62,21.86,8.96,"PUT",1,53.87814620792737,13.415486710710079,33.07271256576134,94.85818847209515,35.69004903530825,1.1854406905167432
22.51,20.59,7.8,"PUT",1,52.4978233915093,14.357534964005048,34.6404733155548,99.7804759592035,37.49801597109228,1.1778759676961699
25.98,24.35,10.84,"PUT",1,56.43653112013965,12.535421037003058,31.754218304377524,89.37987679671458,34.13893906812283,1.1948119090695128
18.76,17.06,7.53,"PUT",2,48.33554705320324,14.051364921393194,28.43845600256808,93.96834701055101,31.720445078279713,1.111882001431104
22.44,20.62,8.72,"PUT",2,52.5310747673102,13.892945767609744,31.537667501622046,94.4713870029098,34.46213013649349,1.1558546096929856
24.09,22.31,9.34,"PUT",2,54.354386344199426,13.43581078752093,32.67522208121273,93.83594800537875,35.329748790143356,1.1806785159639313
21.75,19.91,8.61,"PUT",2,51.7353026927899,14.119901006384994,30.53141416449079,93.98995479658463,33.63835393288115,1.1376198496861822
26.74,25.17,11.18,"PUT",2,57.24068448127278,12.205637643914525,32.17694620043121,88.90107270560189,34.414146176826584,1.208236084683522
22.81,20.96,8.58,"PUT",2,52.905689370469304,13.968845345590452,32.649617192561756,95.9064885496183,35.512337899803896,1.166521777548264
24.69,22.74,9.58,"PUT",2,54.80351350306036,14.1075895949338,32.69688551303829,94.32014072119614,35.61053785653648,1.1634618157872656
24.08,22.14,8.76,"PUT",2,54.17523269759005,14.164198670247096,34.240179053896235,97.27551942186088,37.05420874358409,1.1785597026810792
22.56,20.68,8.3,"PUT",2,52.597480889058815,14.157043732725526,33.06578330934135,97.09284332688587,35.968985433434455,1.1662624539072377
26.21,24.32,10.03,"PUT",2,56.40677083284585,13.619252129662085,34.08303090096302,94.2310855263158,36.70336529485144,1.1906430984739598
23.21,21.32,8.8,"PUT",4,53.29795032206094,14.085318665401026,32.59578169156255,95.59474671669794,35.508888830684334,1.1629097031771831
17.78,16.22,7.53,"PUT",4,47.261808890436114,13.515118047769171,26.58718330814199,91.10110974106044,29.825102382152522,1.1005052975973477
24.05,22.07,9.0,"PUT",4,54.10119697888888,14.35176696901247,33.32740622096717,96.25736293611237,36.28621254071853,1.1641670532708344
25.76,23.93,10.02,"PUT",4,56.01764053355265,13.42168400253163,33.4422882127955,93.40409527789386,36.03509736869729,1.1891364431610463
18.8,17.29,7.86,"PUT",4,48.623377686004815,13.017647357513818,27.746942887219138,90.99132446500867,30.648849608283623,1.1321268799879585
23.76,21.84,9.01,"PUT",4,53.85682889537581,14.127739693364338,32.8736729296075,95.52289377289378,35.78088037941872,1.1649021183217816
26.1,24.09,10.1,"PUT",4,56.177791477699586,14.149928477046881,33.47759703833012,94.23827314238274,36.34515069945854,1.1709020673115313
23.61,21.55,8.46,"PUT",4,53.54625480488127,14.801647401391783,34.157574587422154,98.62273781902553,37.226719805677696,1.1618877153551088
20.48,18.31,7.0,"PUT",4,49.86996570500459,16.08281232707509,33.0665093660808,102.64554888039325,36.770244682419886,1.1181058369655688
26.39,24.41,9.92,"PUT",4,56.4959784435961,13.97866926588831,34.56983495733701,95.30520278574355,37.28909603922587,1.1865367204502526
19.98,18.58,8.38,"PU+T1130",0,50.19216088116494,12.232449936842581,28.64580132978083,89.83638320775029,31.148270662793355,1.1672124273818396
21.34,19.9,9.01,"PU+T1130",0,51.723960545442424,12.233299981590562,29.19631370558442,89.26934673366836,31.655621340205602,1.1740173919888293
22.54,21.03,9.87,"PU+T1130",0,52.98231212233449,12.406702292519334,28.66396628774054,87.44174988112219,31.233783394266066,1.1623100512716045
23.79,22.14,9.51,"PU+T1130",0,54.17523269759005,12.887928273703997,31.831867179544425,92.0081300813008,34.34190535372632,1.1860944126053283
25.34,23.72,10.57,"PU+T1130",0,55.80635537818854,12.562729141283812,31.447491204552335,89.50674536256325,33.863946411156185,1.1907359652422305
26.17,24.59,10.94,"PU+T1130",0,56.6737379907909,12.302751008713198,31.877674713455384,89.06547376982515,34.16934046070053,1.202472330662044
26.6,25.05,11.31,"PU+T1130",0,57.124105399238985,12.134883841227017,31.612623345244085,88.06147704590818,33.86167982555419,1.2042789846135762
28.56,26.86,12.07,"PU+T1130",0,58.84451733424699,12.569119986697352,32.50865951480615,88.46835443037973,34.85391973207018,1.201860731789732
28.8,26.71,10.32,"PU+T1130",0,58.704933800037395,14.107020467609422,37.178991842575485,97.0602770497941,39.7653801805521,1.2081428899297388
32.83,31.23,13.37,"PU+T1130",0,62.70131410044125,11.87943052819257,35.8100654822227,89.17771373679153,37.72905590543223,1.250485503485465
21.08,19.39,8.04,"PU+T1130",1,51.140400198783794,13.508384722095867,31.4527288187595,95.20371325425477,34.230842933626064,1.1651354151673106
22.3,20.69,9.17,"PU+T1130",1,52.60853608359173,12.91452227792017,30.20613007130476,90.9801836636056,32.8511062150345,1.1667708311925344
17.64,16.21,7.29,"PU+T1130",1,47.248805435004975,12.818018340830683,27.450575928264353,91.62122146822949,30.295803553945852,1.133937368091129
23.75,22.1,9.14,"PU+T1130",1,54.13294571374516,12.893349933452647,32.93058467617872,93.71764705882352,35.36469821193784,1.1976119278628643
21.21,19.52,8.35,"PU+T1130",1,51.290113422219065,13.484466868615874,30.640948036366122,93.73872950819673,33.47683592124692,1.1562224722513512
23.23,21.2,8.35,"PU+T1130",1,53.167690709826815,14.736598275082669,33.87815025637948,98.50660377358491,36.944504239669996,1.160496026955829
22.43,20.84,8.97,"PU+T1130",1,52.7739382089504,12.800171172887453,31.136400331472135,92.14107485604606,33.664815574378494,1.1807578417818776
18.25,16.77,7.73,"PU+T1130",1,47.96891876218292,12.967112043447472,27.08243200319029,90.43649373881932,30.026723396913393,1.1242507910340516
25.14,23.32,9.21,"PU+T1130",1,55.40043175179032,13.462823638641986,34.89185280510129,96.1260720411664,37.39905095718382,1.2025523561290339
20.12,18.49,8.01,"PU+T1130",1,50.08511137756602,13.387216398888679,29.73825495916611,93.36398053001625,32.61259528045938,1.1478025427967553
20.74,19.07,8.06,"PU+T1130",2,50.76900231529085,13.47187238198011,30.742539570371196,94.40797063450445,33.564789358972554,1.1577850819803668
18.92,17.25,7.39,"PU+T1130",2,48.57350432821521,13.851658142129963,29.36312300055758,94.9808695652174,32.46631216557108,1.1300140438739814
16.82,15.32,6.8,"PU+T1130",2,46.069404345346456,13.408331634536196,27.287926823455734,93.48302872062663,30.404182402162686,1.1140805653150518
20.16,18.41,7.96,"PU+T1130",2,49.98966425231279,13.996134316615837,29.749257748576284,94.33568712656165,32.877197453554,1.1310505190822029
21.17,19.46,7.92,"PU+T1130",2,51.22109787284822,13.591019463893073,32.013402692281524,96.10688591983558,34.77892698181038,1.1693140583010222
17.62,16.01,7.1,"PU+T1130",2,46.987605657829626,13.835961790780226,27.715389430145386,93.8638351030606,30.977034234099058,1.1077762316986157
22.57,20.5,7.85,"PU+T1130",2,52.39787506365626,15.063186434641718,34.290196640354196,100.33463414634149,37.45286599445939,1.1568882127795825
17.51,15.87,6.89,"PU+T1130",2,46.803468779417045,14.034643669932844,28.203353207207172,95.20730938878388,31.502386498049148,1.1090519423249512
19.99,18.32,7.97,"PU+T1130",2,49.88195514205586,13.619175582140208,29.52838033279601,93.55349344978166,32.517798028393905,1.1386484386491758
18.57,16.85,6.91,"PU+T1130",2,48.07047704941054,14.206944623387564,30.31044225983979,97.59643916913946,33.47476938709336,1.1324888496374355
20.88,18.94,7.85,"PU+T1130",4,50.61693503514168,14.803695332418098,31.219610384294594,97.17740232312565,34.55160586777715,1.128017759828982
22.91,21.11,8.95,"PU+T1130",4,53.06967306687531,13.715800723073656,31.711322891079206,93.97347228801517,34.55041517807495,1.1625729391554356
17.53,15.94,7.51,"PU+T1130",4,46.89567199097299,13.745584931334932,26.029005343164012,90.82685069008784,29.435526566701718,1.0849322425874703
26.58,24.49,9.49,"PU+T1130",4,56.575090200209246,14.419271756374252,36.032098963538914,97.84810126582278,38.810147560946405,1.1901360692876912
22.42,20.62,8.51,"PU+T1130",4,52.5310747673102,13.801033277971719,32.238664134432305,95.42677012609117,35.06850416987321,1.1663117667983638
22.7,20.47,7.85,"PU+T1130",4,52.364493957786436,15.800889914259542,34.23264300954416,101.29457743038594,37.70334162248012,1.1383594479198442
20.89,19.07,8.06,"PU+T1130",4,50.76900231529085,14.196428554345776,30.742539570371196,95.41478762454116,33.86210747922348,1.1381857307278986
18.22,16.56,7.59,"PU+T1130",4,47.70078242243008,13.964596214103564,27.1255301555557,92.2475845410628,30.50908608337715,1.0953680631056903
22.0,19.89,7.95,"PU+T1130",4,51.712614597743865,15.385959327377407,32.75506331537168,99.21065862242331,36.188698749992646,1.1316585257690663
20.09,18.3,8.01,"PU+T1130",4,49.85797190180702,14.217963086847085,29.346635173374747,94.12349726775955,32.60943836281303,1.1196387224116104
14.56,13.95,6.93,"PU+Quercetin",0,44.16114017663281,8.440659843499398,23.49294752809843,80.93906810035844,24.963239416222596,1.2258740014191873
16.43,15.97,7.41,"PU+Quercetin",0,46.935105024495094,7.488436831296575,26.464415993360248,82.50344395742016,27.50349068838246,1.2950426334490135
17.07,16.54,7.55,"PU+Quercetin",0,47.67512765428191,7.872209118735707,27.22683862545847,83.71584038694077,28.34206093328188,1.2893377612676296
17.81,17.47,8.3,"PU+Quercetin",0,48.84686088612678,6.843871681945613,26.59919709738955,80.13050944476244,27.46553960556234,1.3189625511146716
18.08,17.29,7.5,"PU+Quercetin",0,48.623377686004815,9.246965334811952,29.044403212022583,87.86813186813187,30.48087475525861,1.2625695882587773
21.04,20.18,8.1,"PU+Quercetin",0,52.04011566069289,9.438587706481815,32.7947640424859,90.90782953419226,34.12599429313783,1.2905622600941995
21.96,21.38,8.91,"PU+Quercetin",0,53.362896892709486,8.086348071230653,32.34724219632245,87.29747427502339,33.34266190388283,1.3258311199847155
23.84,23.11,9.38,"PU+Quercetin",0,55.18546140890686,8.754277905043907,33.981772897855954,89.01947209000431,35.091284828575276,1.3186617938152128
24.08,23.5,9.73,"PU+Quercetin",0,55.58366719620993,8.093360314126885,33.577908824891736,87.27063829787232,34.53952000574163,1.3342755049291195
24.27,23.45,9.87,"PU+Quercetin",0,55.53286258922421,9.142976216861332,33.06146709272281,87.86098081023455,34.30239963071512,1.3009945121353885
16.49,15.79,7.58,"PU+Quercetin",1,46.69776107902747,8.850389882390065,25.432520189131314,82.78910702976566,26.928469771616886,1.235908813735909
19.8,18.76,8.41,"PU+Quercetin",1,50.40522724610007,10.417839678047491,28.911275492669375,87.57675906183368,30.730981666235873,1.2249412975911005
18.1,17.01,7.27,"PU+Quercetin",1,48.27263331558461,10.864874883727394,29.29048669505515,90.89829512051735,31.240648473939416,1.2155940000740277
18.7,17.41,7.47,"PU+Quercetin",1,48.772537771275054,11.85683442281521,29.411556161944606,92.00344629523264,31.71157767121146,1.18759009165088
21.21,19.83,8.56,"PU+Quercetin",1,51.64445892551922,11.957115561287646,30.54207520101344,91.1507816439738,32.79925258493473,1.1976419784834158
15.87,14.84,6.75,"PU+Quercetin",1,45.41426937254974,10.839993724467922,26.354277154709603,88.66981132075472,28.49655046306048,1.1805711226441775
19.26,18.01,8.0,"PU+Quercetin",1,49.508234273535024,11.562500703109603,28.778694051060082,89.79900055524709,31.014587757923383,1.1887624826156742
15.01,14.15,6.96,"PU+Quercetin",1,44.44728545774344,9.937809225346484,23.870691565944803,83.64098939929329,25.856719978292876,1.1763019522326403
14.74,13.79,7.08,"PU+Quercetin",1,43.930248424866576,10.534756726476246,22.52010263269033,82.39593908629442,24.862343450948917,1.1332442802473957
19.04,17.84,8.09,"PU+Quercetin",1,49.301467212486955,11.33031450399724,28.107750852272694,88.54147982062779,30.30547285116876,1.1876179433984906
15.76,14.82,6.81,"PU+Quercetin",2,45.386667450012816,10.320834003817946,26.071730893838374,87.4102564102564,28.040234776746985,1.1938613955364865
20.99,19.56,8.08,"PU+Quercetin",2,51.33604525451733,12.23339052855138,31.650467191951513,93.57055214723925,33.93240217392293,1.2019684470346406
15.83,16.68,6.29,"PU+Quercetin",2,47.85427887714619,0.09100500582831517,32.41052020943368,81.50479616306954,32.410647974966416,1.56798844941207
18.18,16.68,6.9,"PU+Quercetin",2,47.85427887714619,13.091668520566701,29.976372075134005,95.66187050359711,32.710467245810946,1.15902991034606
20.29,18.58,7.39,"PU+Quercetin",2,50.19216088116494,13.763406038634518,32.153910160815734,97.62002152852529,34.97578139819224,1.1663471176440814
17.94,16.49,6.68,"PU+Quercetin",2,47.61090012667864,12.866330802881464,30.417454230789488,96.31534263189813,33.02671630985057,1.1706279529655776
20.14,18.76,7.78,"PU+Quercetin",2,50.40522724610007,12.10619325743101,31.10394265054479,93.45628997867804,33.37686569458923,1.1996197820251355
14.72,13.72,6.65,"PU+Quercetin",2,43.828671537919874,10.850934366613052,24.015195989841498,85.95189504373177,26.35284453449083,1.1464164833230712
17.03,15.57,6.84,"PU+Quercetin",2,46.405211596277866,13.12528241173977,27.710880398230685,93.43609505459217,30.662125347616904,1.1284493405969782
18.8,17.55,7.47,"PU+Quercetin",2,48.94569412862013,11.628352346240934,29.710101605643015,91.9988603988604,31.904681720806412,1.197730952098049
17.92,16.68,7.09,"PU+Quercetin",4,47.85427887714619,11.710573954773263,29.247645119731658,92.4592326139089,31.504956552897784,1.1899505665349832
22.2,20.59,8.26,"PU+Quercetin",4,52.4978233915093,12.929694085166755,33.03105719401002,95.48518698397281,35.471505867244446,1.1976905232810724
15.59,14.42,6.47,"PU+Quercetin",4,44.82933602774889,11.731051638537771,26.461044811904323,90.8252427184466,28.944852134423634,1.1535005799239069
20.52,18.81,7.28,"PU+Quercetin",4,50.46417031561033,13.716774342474313,33.031636523118856,98.61137692716642,35.76644949890611,1.1772029145015241
20.89,19.11,7.6,"PU+Quercetin",4,50.815653161779835,13.995347319479434,32.4596916728769,97.76661433804291,35.34828609835411,1.163719002645607
18.54,17.07,7.05,"PU+Quercetin",4,48.34811504474257,12.853778237157943,30.25141110390177,95.24428822495605,32.8689441380052,1.1690116808956514
19.99,18.57,7.72,"PU+Quercetin",4,50.18028358665532,12.333277114039088,30.931026791590376,93.72105546580507,33.29922135356564,1.191381105678826
16.2,15.12,7.08,"PU+Quercetin",4,45.79811852128501,11.082354398342876,25.740568316170396,87.50793650793652,28.0249074262504,1.1642422916129749
21.81,20.17,8.49,"PU+Quercetin",4,52.02887493429294,13.135700092392122,31.44016291514594,93.78978681209716,34.073897062827854,1.1750399146070267
19.76,18.09,7.34,"PU+Quercetin",4,49.605086359530304,13.666825668779802,31.3269992935429,96.80707573244888,34.17839973723837,1.1594242239009533
